sep=;
Run time (s);Round;Exception;deadline;Agreement;Discounted;#agreeing;min.util.;max.util.;Dist. to Pareto;Dist. to Nash;Social Welfare;Agent 1;Agent 2;Utility 1;Utility 2;Disc. Util. 1;Disc. Util. 2;Profile 1;Profile 2
9.905;8734;;10s;Yes;No;2;0.78500;0.90411;0.00000;0.02445;1.68911;Appaloosa@0;PonPokoAgent@1;0.7850000000000001;0.9041140069845697;0.7850000000000001;0.9041140069845697;party1_utility.xml;party2_utility.xml
8.676;7450;;10s;Yes;No;2;0.84833;0.85649;0.00000;0.09595;1.70482;PonPokoAgent@2;Appaloosa@3;0.8483333333333334;0.8564909885811369;0.8483333333333334;0.8564909885811369;party1_utility.xml;party2_utility.xml
8.340;8548;;10s;Yes;No;2;0.84833;0.85649;0.00000;0.09595;1.70482;Appaloosa@4;PonPokoAgent@5;0.8483333333333334;0.8564909885811369;0.8483333333333334;0.8564909885811369;party1_utility.xml;party2_utility.xml
7.098;5771;;10s;Yes;No;2;0.78500;0.88030;0.02381;0.04826;1.66530;PonPokoAgent@6;Appaloosa@7;0.7850000000000001;0.8803024977828533;0.7850000000000001;0.8803024977828533;party1_utility.xml;party2_utility.xml
8.359;6137;;10s;Yes;No;2;0.84833;0.85649;0.00000;0.09595;1.70482;Appaloosa@8;PonPokoAgent@9;0.8483333333333334;0.8564909885811369;0.8483333333333334;0.8564909885811369;party1_utility.xml;party2_utility.xml
7.311;5511;;10s;Yes;No;2;0.84833;0.85649;0.00000;0.09595;1.70482;PonPokoAgent@10;Appaloosa@11;0.8483333333333334;0.8564909885811369;0.8483333333333334;0.8564909885811369;party1_utility.xml;party2_utility.xml
8.564;5494;;10s;Yes;No;2;0.84833;0.85649;0.00000;0.09595;1.70482;Appaloosa@12;PonPokoAgent@13;0.8483333333333334;0.8564909885811369;0.8483333333333334;0.8564909885811369;party1_utility.xml;party2_utility.xml
7.266;3142;;10s;Yes;No;2;0.78500;0.88030;0.02381;0.04826;1.66530;PonPokoAgent@14;Appaloosa@15;0.7850000000000001;0.8803024977828533;0.7850000000000001;0.8803024977828533;party1_utility.xml;party2_utility.xml
