sep=;
Run time (s);Round;Exception;deadline;Agreement;Discounted;#agreeing;min.util.;max.util.;Dist. to Pareto;Dist. to Nash;Social Welfare;Agent 1;Agent 2;Utility 1;Utility 2;Disc. Util. 1;Disc. Util. 2;Profile 1;Profile 2
7.267;8335;;10s;Yes;No;2;0.84833;0.85649;0.00000;0.09595;1.70482;PonPokoAgent@0;PonPokoAgent@1;0.8483333333333334;0.8564909885811369;0.8483333333333334;0.8564909885811369;party1_utility.xml;party2_utility.xml
8.328;8344;;10s;Yes;No;2;0.84833;0.85649;0.00000;0.09595;1.70482;Appaloosa@2;PonPokoAgent@3;0.8483333333333334;0.8564909885811369;0.8483333333333334;0.8564909885811369;party1_utility.xml;party2_utility.xml
7.365;7875;;10s;Yes;No;2;0.84833;0.85649;0.00000;0.09595;1.70482;PonPokoAgent@4;Appaloosa@5;0.8483333333333334;0.8564909885811369;0.8483333333333334;0.8564909885811369;party1_utility.xml;party2_utility.xml
8.126;7074;;10s;Yes;No;2;0.84833;0.85649;0.00000;0.09595;1.70482;Appaloosa@6;Appaloosa@7;0.8483333333333334;0.8564909885811369;0.8483333333333334;0.8564909885811369;party1_utility.xml;party2_utility.xml
6.964;8098;;10s;Yes;No;2;0.84833;0.85649;0.00000;0.09595;1.70482;PonPokoAgent@8;PonPokoAgent@9;0.8483333333333334;0.8564909885811369;0.8483333333333334;0.8564909885811369;party1_utility.xml;party2_utility.xml
10.000;8792;;10s;No;No;1;0.00000;0.00000;1.03604;1.21592;0.00000;Appaloosa@10;PonPokoAgent@11;0.0;0.0;0.0;0.0;party1_utility.xml;party2_utility.xml
7.466;5496;;10s;Yes;No;2;0.84833;0.85649;0.00000;0.09595;1.70482;PonPokoAgent@12;Appaloosa@13;0.8483333333333334;0.8564909885811369;0.8483333333333334;0.8564909885811369;party1_utility.xml;party2_utility.xml
8.359;7993;;10s;Yes;No;2;0.84833;0.85649;0.00000;0.09595;1.70482;Appaloosa@14;Appaloosa@15;0.8483333333333334;0.8564909885811369;0.8483333333333334;0.8564909885811369;party1_utility.xml;party2_utility.xml
