sep=;
Run time (s);Round;Exception;deadline;Agreement;Discounted;#agreeing;min.util.;max.util.;Dist. to Pareto;Dist. to Nash;Social Welfare;Agent 1;Agent 2;Utility 1;Utility 2;Disc. Util. 1;Disc. Util. 2;Profile 1;Profile 2
0.273;177;;180rounds;Yes;No;2;0.72117;0.80250;0.07774;0.20814;1.52367;Appaloosa@0;GroupY@1;0.8025;0.7211653489837592;0.8025;0.7211653489837592;party1_utility.xml;party2_utility.xml
0.249;181;;180rounds;No;No;1;0.00000;0.00000;1.03604;1.21592;0.00000;GroupY@2;Appaloosa@3;0.0;0.0;0.0;0.0;party1_utility.xml;party2_utility.xml
0.197;158;;180rounds;Yes;No;2;0.84833;0.85649;0.00000;0.09595;1.70482;Appaloosa@4;GroupY@5;0.8483333333333334;0.8564909885811369;0.8483333333333334;0.8564909885811369;party1_utility.xml;party2_utility.xml
0.258;181;;180rounds;Yes;No;2;0.65833;0.94015;0.05985;0.12720;1.59848;GroupY@6;Appaloosa@7;0.6583333333333334;0.9401512488914268;0.6583333333333334;0.9401512488914268;party1_utility.xml;party2_utility.xml
