sep=;
Run time (s);Round;Exception;deadline;Agreement;Discounted;#agreeing;min.util.;max.util.;Dist. to Pareto;Dist. to Nash;Social Welfare;Agent;Utility;Disc. Util.;Profile
0.004;2;;10s;Yes;No;1;0.85750;0.85750;0.14250;0.14250;0.85750;[Appaloosa@0];[0.8575];[0.8575];[party1_utility.xml]
0.001;2;;10s;Yes;No;1;1.00000;1.00000;0.00000;0.00000;1.00000;[GroupY@1];[1.0];[1.0];[party1_utility.xml]
0.001;2;;10s;Yes;No;1;0.48417;0.48417;0.51583;0.51583;0.48417;[Appaloosa@2];[0.48416666666666663];[0.48416666666666663];[party1_utility.xml]
0.001;2;;10s;Yes;No;1;1.00000;1.00000;0.00000;0.00000;1.00000;[GroupY@3];[1.0];[1.0];[party1_utility.xml]
0.001;2;;10s;Yes;No;1;0.49667;0.49667;0.50333;0.50333;0.49667;[Appaloosa@4];[0.4966666666666667];[0.4966666666666667];[party1_utility.xml]
0.001;2;;10s;Yes;No;1;1.00000;1.00000;0.00000;0.00000;1.00000;[GroupY@5];[1.0];[1.0];[party1_utility.xml]
0.001;2;;10s;Yes;No;1;0.86583;0.86583;0.13417;0.13417;0.86583;[Appaloosa@6];[0.8658333333333332];[0.8658333333333332];[party1_utility.xml]
0.001;2;;10s;Yes;No;1;1.00000;1.00000;0.00000;0.00000;1.00000;[GroupY@7];[1.0];[1.0];[party1_utility.xml]
