sep=;
Run time (s);Round;Exception;deadline;Agreement;Discounted;#agreeing;min.util.;max.util.;Dist. to Pareto;Dist. to Nash;Social Welfare;Agent 1;Agent 2;Utility 1;Utility 2;Disc. Util. 1;Disc. Util. 2;Profile 1;Profile 2
9.679;6217;;10s;Yes;No;2;0.84833;0.85649;0.00000;0.09595;1.70482;GroupY@0;Appaloosa@1;0.8483333333333334;0.8564909885811369;0.8483333333333334;0.8564909885811369;party1_utility.xml;party2_utility.xml
9.844;8774;;10s;Yes;No;2;0.71383;0.87833;0.02445;0.23414;1.59216;Appaloosa@2;GroupY@3;0.8783333333333334;0.713830578337298;0.8783333333333334;0.713830578337298;party1_utility.xml;party2_utility.xml
9.679;6449;;10s;Yes;No;2;0.84833;0.85649;0.00000;0.09595;1.70482;GroupY@4;Appaloosa@5;0.8483333333333334;0.8564909885811369;0.8483333333333334;0.8564909885811369;party1_utility.xml;party2_utility.xml
9.633;6502;;10s;Yes;No;2;0.72181;0.86583;0.02068;0.22200;1.58764;Appaloosa@6;GroupY@7;0.8658333333333332;0.7218053051923241;0.8658333333333332;0.7218053051923241;party1_utility.xml;party2_utility.xml
9.708;3253;;10s;Yes;No;2;0.84833;0.85649;0.00000;0.09595;1.70482;GroupY@8;Appaloosa@9;0.8483333333333334;0.8564909885811369;0.8483333333333334;0.8564909885811369;party1_utility.xml;party2_utility.xml
9.901;5874;;10s;Yes;No;2;0.71383;0.87833;0.02445;0.23414;1.59216;Appaloosa@10;GroupY@11;0.8783333333333334;0.713830578337298;0.8783333333333334;0.713830578337298;party1_utility.xml;party2_utility.xml
9.796;6346;;10s;Yes;No;2;0.84833;0.85649;0.00000;0.09595;1.70482;GroupY@12;Appaloosa@13;0.8483333333333334;0.8564909885811369;0.8483333333333334;0.8564909885811369;party1_utility.xml;party2_utility.xml
9.910;4651;;10s;Yes;No;2;0.84833;0.85649;0.00000;0.09595;1.70482;Appaloosa@14;GroupY@15;0.8483333333333334;0.8564909885811369;0.8483333333333334;0.8564909885811369;party1_utility.xml;party2_utility.xml
