sep=;
Run time (s);Round;Exception;deadline;Agreement;Discounted;#agreeing;min.util.;max.util.;Dist. to Pareto;Dist. to Nash;Social Welfare;Agent 1;Agent 2;Utility 1;Utility 2;Disc. Util. 1;Disc. Util. 2;Profile 1;Profile 2
0.007;3;;180s;Yes;No;2;0.49230;0.50655;0.43520;0.49840;0.99885;Appaloosa@0;Appaloosa@1;0.4922982064725194;0.5065507564167631;0.4922982064725194;0.5065507564167631;party2_utility.xml;party3_utility.xml
0.016;5;;180s;Yes;No;2;0.64047;0.92367;0.02585;0.22258;1.56414;ABMPAgent2@2;Appaloosa@3;0.9236745103361714;0.6404650895130723;0.9236745103361714;0.6404650895130723;party2_utility.xml;party3_utility.xml
0.007;2;;180s;Yes;No;2;0.58562;1.00000;0.00000;0.30398;1.58562;BayesianAgent@4;Appaloosa@5;1.0;0.5856226065195247;1.0;0.5856226065195247;party2_utility.xml;party3_utility.xml
0.007;3;;180s;Yes;No;2;0.44889;0.98840;0.00000;0.42603;1.43729;Appaloosa@6;ABMPAgent2@7;0.44889131368935486;0.9883966566884121;0.44889131368935486;0.9883966566884121;party2_utility.xml;party3_utility.xml
0.028;12;;180s;Yes;No;2;0.76370;0.83763;0.05540;0.08960;1.60133;ABMPAgent2@8;ABMPAgent2@9;0.7637017446244312;0.8376318329087284;0.7637017446244312;0.8376318329087284;party2_utility.xml;party3_utility.xml
0.302;16;;180s;Yes;No;2;0.72926;0.91209;0.00000;0.13590;1.64135;BayesianAgent@10;ABMPAgent2@11;0.9120887338395958;0.7292599480062285;0.9120887338395958;0.7292599480062285;party2_utility.xml;party3_utility.xml
0.015;3;;180s;Yes;No;2;0.43241;1.00000;0.00000;0.44540;1.43241;Appaloosa@12;BayesianAgent@13;0.43241457513409964;0.9999999999999999;0.43241457513409964;0.9999999999999999;party2_utility.xml;party3_utility.xml
0.252;16;;180s;Yes;No;2;0.61520;0.91144;0.02992;0.24457;1.52664;ABMPAgent2@14;BayesianAgent@15;0.6151982371216707;0.9114448528694914;0.6151982371216707;0.9114448528694914;party2_utility.xml;party3_utility.xml
