sep=;
Run time (s);Round;Exception;deadline;Agreement;Discounted;#agreeing;min.util.;max.util.;Dist. to Pareto;Dist. to Nash;Social Welfare;Agent 1;Agent 2;Utility 1;Utility 2;Disc. Util. 1;Disc. Util. 2;Profile 1;Profile 2
9.574;9494;;10s;Yes;No;2;0.73828;0.87833;0.00000;0.21194;1.61662;Appaloosa@0;GroupY@1;0.8783333333333334;0.7382820437475793;0.8783333333333334;0.7382820437475793;party1_utility.xml;party2_utility.xml
9.834;8701;;10s;Yes;No;2;0.84833;0.85649;0.00000;0.09595;1.70482;GroupY@2;Appaloosa@3;0.8483333333333334;0.8564909885811369;0.8483333333333334;0.8564909885811369;party1_utility.xml;party2_utility.xml
9.825;7632;;10s;Yes;No;2;0.72181;0.86583;0.02068;0.22200;1.58764;Appaloosa@4;GroupY@5;0.8658333333333332;0.7218053051923241;0.8658333333333332;0.7218053051923241;party1_utility.xml;party2_utility.xml
9.588;8460;;10s;Yes;No;2;0.84833;0.85649;0.00000;0.09595;1.70482;GroupY@6;Appaloosa@7;0.8483333333333334;0.8564909885811369;0.8483333333333334;0.8564909885811369;party1_utility.xml;party2_utility.xml
